{"labels_1": ["9", "10", "10", "8", "8", "11", "8", "8", "7", "10", "13", "10", "10", "9", "9", "10"], "labels_2": ["9", "9", "8", "11", "7", "10", "10", "8", "9", "8", "7", "9", "8", "6", "10", "11"], "graph_2": [[0, 2], [0, 3], [0, 5], [0, 6], [0, 7], [0, 9], [0, 12], [0, 14], [0, 15], [1, 2], [1, 3], [1, 6], [1, 8], [1, 9], [1, 11], [1, 13], [1, 14], [1, 15], [2, 6], [2, 7], [2, 8], [2, 10], [2, 11], [2, 15], [3, 4], [3, 5], [3, 7], [3, 8], [3, 9], [3, 10], [3, 12], [3, 14], [3, 15], [4, 5], [4, 6], [4, 7], [4, 11], [4, 13], [4, 15], [5, 6], [5, 9], [5, 10], [5, 12], [5, 13], [5, 14], [5, 15], [6, 8], [6, 9], [6, 10], [6, 11], [6, 15], [7, 11], [7, 12], [7, 14], [7, 15], [8, 9], [8, 11], [8, 12], [8, 13], [8, 14], [9, 10], [9, 14], [10, 11], [10, 15], [11, 14], [11, 15], [12, 13], [12, 14], [12, 15], [13, 14]], "ged": 9, "graph_1": [[0, 3], [0, 4], [0, 5], [0, 6], [0, 10], [0, 11], [0, 12], [0, 14], [0, 15], [1, 2], [1, 3], [1, 4], [1, 5], [1, 7], [1, 9], [1, 10], [1, 11], [1, 12], [1, 13], [2, 3], [2, 5], [2, 6], [2, 7], [2, 9], [2, 10], [2, 11], [2, 13], [2, 14], [3, 9], [3, 10], [3, 12], [3, 13], [3, 15], [4, 5], [4, 7], [4, 8], [4, 9], [4, 10], [4, 15], [5, 6], [5, 7], [5, 9], [5, 10], [5, 11], [5, 14], [5, 15], [6, 7], [6, 8], [6, 9], [6, 10], [6, 15], [7, 11], [7, 12], [7, 14], [8, 11], [8, 12], [8, 13], [8, 14], [8, 15], [9, 10], [9, 11], [9, 13], [9, 15], [10, 11], [10, 12], [10, 13], [10, 14], [10, 15], [11, 12], [11, 14], [12, 13], [12, 14], [12, 15], [13, 14], [13, 15]]}