{"labels_1": ["6", "6", "4", "9", "4", "6", "4", "7", "3", "4", "5"], "labels_2": ["6", "4", "3", "6", "5", "4", "2", "5", "1", "3", "3"], "graph_2": [[0, 2], [0, 3], [0, 4], [0, 5], [0, 9], [0, 10], [1, 10], [1, 4], [1, 6], [1, 7], [2, 3], [2, 7], [3, 4], [3, 5], [3, 7], [3, 9], [4, 9], [4, 7], [5, 10], [5, 6], [7, 8]], "ged": 33, "graph_1": [[0, 2], [0, 3], [0, 4], [0, 6], [0, 7], [0, 9], [1, 2], [1, 3], [1, 4], [1, 6], [1, 7], [1, 9], [2, 3], [2, 7], [3, 5], [3, 6], [3, 7], [3, 8], [3, 9], [3, 10], [4, 10], [4, 5], [5, 6], [5, 7], [5, 9], [5, 10], [7, 8], [7, 10], [8, 10]]}