{"labels_1": ["12", "13", "11", "10", "13", "9", "10", "7", "7", "11", "8", "11", "9", "10", "12", "7", "12"], "labels_2": ["9", "7", "12", "11", "10", "6", "10", "10", "6", "7", "8", "8", "5", "10", "7", "8", "10"], "graph_2": [[0, 16], [0, 1], [0, 4], [0, 5], [0, 6], [0, 8], [0, 9], [0, 14], [0, 15], [1, 2], [1, 3], [1, 4], [1, 9], [1, 11], [1, 14], [2, 3], [2, 4], [2, 6], [2, 7], [2, 9], [2, 10], [2, 11], [2, 12], [2, 13], [2, 15], [2, 16], [3, 16], [3, 6], [3, 7], [3, 8], [3, 10], [3, 11], [3, 12], [3, 13], [3, 15], [4, 5], [4, 16], [4, 8], [4, 11], [4, 13], [4, 14], [4, 15], [5, 16], [5, 7], [5, 8], [5, 11], [6, 16], [6, 7], [6, 9], [6, 10], [6, 11], [6, 12], [6, 15], [7, 8], [7, 9], [7, 10], [7, 11], [7, 13], [7, 15], [8, 14], [9, 10], [9, 13], [10, 16], [10, 12], [10, 13], [11, 13], [12, 13], [13, 16], [13, 14], [14, 16], [14, 15], [15, 16]], "ged": 19, "graph_1": [[0, 1], [0, 2], [0, 3], [0, 6], [0, 7], [0, 8], [0, 9], [0, 10], [0, 11], [0, 13], [0, 15], [0, 16], [1, 2], [1, 3], [1, 4], [1, 5], [1, 6], [1, 9], [1, 10], [1, 11], [1, 13], [1, 14], [1, 15], [1, 16], [2, 4], [2, 5], [2, 6], [2, 9], [2, 10], [2, 11], [2, 13], [2, 14], [2, 16], [3, 4], [3, 6], [3, 10], [3, 11], [3, 12], [3, 13], [3, 14], [3, 16], [4, 5], [4, 6], [4, 8], [4, 9], [4, 11], [4, 12], [4, 13], [4, 14], [4, 15], [4, 16], [5, 6], [5, 9], [5, 11], [5, 12], [5, 13], [5, 14], [6, 7], [6, 9], [6, 13], [6, 14], [7, 16], [7, 8], [7, 11], [7, 12], [7, 14], [8, 16], [8, 9], [8, 12], [8, 14], [9, 10], [9, 15], [9, 13], [9, 16], [10, 16], [10, 11], [10, 13], [11, 12], [11, 13], [11, 14], [12, 16], [12, 14], [12, 15], [14, 15], [14, 16], [15, 16]]}