{"labels_1": ["8", "7", "6", "6", "4", "5", "3", "4", "6", "5", "6", "4", "6"], "labels_2": ["3", "4", "4", "4", "3", "3", "6", "4", "4", "3", "2", "5", "5"], "graph_2": [[0, 1], [0, 6], [0, 7], [1, 3], [1, 8], [1, 11], [2, 8], [2, 3], [2, 6], [2, 7], [3, 4], [3, 5], [4, 10], [4, 12], [5, 11], [5, 12], [6, 7], [6, 8], [6, 11], [6, 12], [7, 12], [8, 11], [9, 10], [9, 11], [9, 12]], "ged": 23, "graph_1": [[0, 1], [0, 2], [0, 3], [0, 5], [0, 6], [0, 8], [0, 9], [0, 11], [1, 2], [1, 3], [1, 5], [1, 9], [1, 10], [1, 12], [2, 3], [2, 4], [2, 7], [2, 12], [3, 4], [3, 7], [3, 12], [4, 9], [4, 12], [5, 10], [5, 12], [5, 8], [6, 8], [6, 11], [7, 9], [7, 10], [8, 9], [8, 10], [8, 11], [10, 11], [10, 12]]}