{"labels_1": ["9", "9", "8", "6", "8", "7", "6", "10", "7", "7", "9", "10", "5", "2", "10", "6", "7", "8"], "labels_2": ["9", "8", "9", "7", "8", "7", "9", "5", "7", "9", "6", "7", "7", "7", "8", "4", "5", "10"], "graph_2": [[0, 16], [0, 17], [0, 3], [0, 4], [0, 5], [0, 7], [0, 11], [0, 12], [0, 14], [1, 17], [1, 2], [1, 3], [1, 4], [1, 6], [1, 10], [1, 14], [1, 15], [2, 5], [2, 6], [2, 8], [2, 9], [2, 10], [2, 11], [2, 12], [2, 14], [3, 17], [3, 4], [3, 9], [3, 11], [3, 13], [4, 16], [4, 6], [4, 9], [4, 12], [4, 14], [5, 17], [5, 16], [5, 8], [5, 10], [5, 13], [6, 16], [6, 17], [6, 8], [6, 10], [6, 12], [6, 13], [7, 9], [7, 11], [7, 14], [7, 17], [8, 16], [8, 17], [8, 12], [8, 13], [9, 17], [9, 11], [9, 12], [9, 13], [9, 15], [10, 13], [10, 15], [11, 17], [11, 14], [12, 13], [14, 17], [14, 15]], "ged": 11, "graph_1": [[0, 1], [0, 2], [0, 3], [0, 5], [0, 6], [0, 17], [0, 10], [0, 7], [0, 14], [1, 16], [1, 4], [1, 5], [1, 6], [1, 7], [1, 8], [1, 9], [1, 10], [2, 16], [2, 17], [2, 7], [2, 8], [2, 10], [2, 12], [2, 15], [3, 16], [3, 17], [3, 9], [3, 10], [3, 11], [4, 17], [4, 5], [4, 6], [4, 7], [4, 11], [4, 12], [4, 14], [5, 7], [5, 13], [5, 14], [5, 15], [6, 7], [6, 12], [6, 14], [7, 11], [7, 12], [7, 14], [7, 15], [8, 17], [8, 9], [8, 10], [8, 11], [8, 15], [9, 16], [9, 10], [9, 11], [9, 14], [10, 11], [10, 13], [10, 14], [11, 16], [11, 17], [11, 14], [11, 15], [12, 17], [14, 16], [14, 15], [16, 17]]}