{"labels_1": ["6", "4", "7", "8", "6", "6", "9", "8", "7", "4", "9", "6", "10", "6"], "labels_2": ["7", "4", "1", "6", "7", "6", "4", "4", "8", "6", "4", "2", "6", "5"], "graph_2": [[0, 5], [0, 7], [0, 8], [0, 9], [0, 11], [0, 12], [0, 13], [1, 8], [1, 9], [1, 5], [1, 6], [2, 6], [3, 5], [3, 6], [3, 7], [3, 8], [3, 12], [3, 13], [4, 5], [4, 6], [4, 8], [4, 9], [4, 10], [4, 12], [4, 13], [5, 8], [5, 10], [7, 9], [7, 12], [8, 9], [8, 12], [8, 13], [9, 10], [10, 13], [11, 12]], "ged": 24, "graph_1": [[0, 7], [0, 8], [0, 10], [0, 11], [0, 12], [0, 13], [1, 10], [1, 3], [1, 12], [1, 6], [2, 4], [2, 6], [2, 7], [2, 10], [2, 11], [2, 12], [2, 13], [3, 5], [3, 7], [3, 8], [3, 9], [3, 10], [3, 11], [3, 12], [4, 5], [4, 7], [4, 10], [4, 12], [4, 13], [5, 6], [5, 11], [5, 12], [5, 13], [6, 7], [6, 8], [6, 10], [6, 11], [6, 12], [6, 13], [7, 8], [7, 9], [7, 12], [8, 9], [8, 10], [8, 12], [9, 13], [10, 11], [10, 12]]}