{"labels_1": ["7", "6", "7", "12", "8", "6", "5", "10", "8", "8", "8", "7", "6"], "labels_2": ["10", "9", "6", "5", "5", "6", "5", "7", "6", "9", "3", "7", "6"], "graph_2": [[0, 1], [0, 2], [0, 3], [0, 4], [0, 5], [0, 7], [0, 8], [0, 9], [0, 10], [0, 12], [1, 2], [1, 3], [1, 5], [1, 6], [1, 7], [1, 8], [1, 11], [1, 12], [2, 3], [2, 9], [2, 10], [2, 11], [3, 6], [3, 9], [4, 11], [4, 12], [4, 5], [4, 7], [5, 6], [5, 9], [5, 11], [6, 8], [6, 9], [7, 8], [7, 9], [7, 11], [7, 12], [8, 9], [8, 10], [9, 11], [9, 12], [11, 12]], "ged": 15, "graph_1": [[0, 1], [0, 2], [0, 3], [0, 4], [0, 7], [0, 8], [0, 9], [1, 3], [1, 4], [1, 7], [1, 9], [1, 12], [2, 3], [2, 4], [2, 7], [2, 8], [2, 11], [2, 12], [3, 4], [3, 5], [3, 6], [3, 7], [3, 8], [3, 9], [3, 10], [3, 11], [3, 12], [4, 8], [4, 9], [4, 10], [4, 11], [5, 6], [5, 7], [5, 9], [5, 10], [5, 12], [6, 11], [6, 10], [6, 7], [7, 8], [7, 9], [7, 10], [7, 12], [8, 10], [8, 11], [8, 12], [9, 10], [9, 11], [10, 11]]}