{"labels_1": ["7", "6", "6", "5", "7", "9", "4", "7", "9", "6", "3", "5", "5", "5", "7", "7"], "labels_2": ["5", "6", "4", "8", "3", "4", "6", "6", "5", "3", "6", "7", "6", "3", "3", "5"], "graph_2": [[0, 11], [0, 1], [0, 3], [0, 5], [0, 14], [1, 2], [1, 4], [1, 10], [1, 12], [1, 15], [2, 3], [2, 12], [2, 6], [3, 6], [3, 8], [3, 9], [3, 11], [3, 13], [3, 14], [4, 10], [4, 13], [5, 7], [5, 11], [5, 15], [6, 10], [6, 12], [6, 14], [6, 15], [7, 8], [7, 10], [7, 12], [7, 13], [7, 15], [8, 11], [8, 9], [8, 12], [9, 11], [10, 11], [10, 15], [11, 12]], "ged": 20, "graph_1": [[0, 2], [0, 3], [0, 4], [0, 5], [0, 7], [0, 9], [0, 12], [1, 2], [1, 4], [1, 5], [1, 7], [1, 9], [1, 11], [2, 5], [2, 6], [2, 14], [2, 15], [3, 8], [3, 4], [3, 13], [3, 14], [4, 6], [4, 8], [4, 9], [4, 11], [5, 6], [5, 8], [5, 9], [5, 10], [5, 11], [5, 12], [6, 8], [7, 8], [7, 10], [7, 13], [7, 14], [7, 15], [8, 12], [8, 13], [8, 14], [8, 15], [9, 13], [9, 15], [10, 12], [11, 14], [11, 15], [12, 15], [13, 14], [14, 15]]}