{"labels_1": ["11", "8", "11", "10", "11", "7", "13", "9", "12", "8", "10", "7", "5", "8", "14", "10", "8", "12"], "labels_2": ["7", "14", "5", "11", "7", "12", "11", "5", "5", "9", "8", "11", "9", "7", "9", "10", "8", "8"], "graph_2": [[0, 3], [0, 5], [0, 9], [0, 11], [0, 12], [0, 13], [0, 14], [1, 2], [1, 3], [1, 5], [1, 6], [1, 7], [1, 8], [1, 9], [1, 10], [1, 11], [1, 12], [1, 13], [1, 15], [1, 16], [1, 17], [2, 16], [2, 9], [2, 10], [2, 5], [3, 17], [3, 4], [3, 5], [3, 16], [3, 11], [3, 12], [3, 13], [3, 14], [3, 15], [4, 17], [4, 8], [4, 10], [4, 11], [4, 14], [4, 15], [5, 6], [5, 7], [5, 9], [5, 10], [5, 12], [5, 14], [5, 15], [5, 16], [6, 16], [6, 17], [6, 7], [6, 9], [6, 10], [6, 11], [6, 12], [6, 14], [6, 15], [7, 11], [7, 14], [8, 9], [8, 13], [8, 15], [9, 16], [9, 11], [9, 13], [10, 11], [10, 12], [10, 14], [11, 17], [11, 16], [11, 13], [12, 17], [12, 14], [12, 15], [13, 15], [14, 17], [15, 16], [15, 17]], "ged": 13, "graph_1": [[0, 16], [0, 1], [0, 2], [0, 3], [0, 4], [0, 5], [0, 6], [0, 7], [0, 17], [0, 11], [0, 15], [1, 16], [1, 2], [1, 3], [1, 4], [1, 6], [1, 8], [1, 9], [2, 4], [2, 5], [2, 6], [2, 17], [2, 9], [2, 10], [2, 11], [2, 14], [2, 15], [3, 4], [3, 17], [3, 7], [3, 8], [3, 9], [3, 12], [3, 13], [3, 14], [4, 5], [4, 6], [4, 17], [4, 10], [4, 13], [4, 14], [4, 15], [5, 17], [5, 8], [5, 14], [5, 15], [6, 7], [6, 8], [6, 9], [6, 10], [6, 12], [6, 13], [6, 14], [6, 16], [6, 17], [7, 16], [7, 8], [7, 9], [7, 10], [7, 14], [7, 15], [8, 9], [8, 11], [8, 13], [8, 14], [8, 15], [8, 16], [8, 17], [9, 10], [9, 14], [10, 16], [10, 17], [10, 11], [10, 13], [10, 14], [11, 16], [11, 17], [11, 14], [12, 15], [12, 14], [12, 13], [13, 17], [13, 14], [14, 15], [14, 17], [15, 16], [15, 17]]}