{"labels_1": ["10", "9", "6", "9", "8", "12", "10", "8", "5", "8", "9", "8", "10", "6", "6", "8", "7", "11"], "labels_2": ["7", "6", "6", "8", "7", "8", "11", "8", "7", "10", "8", "10", "4", "10", "8", "7", "10", "9"], "graph_2": [[0, 2], [0, 4], [0, 5], [0, 6], [0, 8], [0, 13], [0, 14], [1, 16], [1, 2], [1, 7], [1, 8], [1, 9], [1, 13], [2, 16], [2, 3], [2, 10], [2, 13], [3, 16], [3, 4], [3, 5], [3, 11], [3, 12], [3, 13], [3, 14], [4, 9], [4, 10], [4, 11], [4, 12], [4, 14], [5, 6], [5, 9], [5, 10], [5, 11], [5, 13], [5, 14], [6, 16], [6, 17], [6, 9], [6, 10], [6, 11], [6, 12], [6, 13], [6, 14], [6, 15], [7, 16], [7, 17], [7, 8], [7, 9], [7, 11], [7, 12], [7, 14], [8, 16], [8, 17], [8, 9], [8, 10], [9, 17], [9, 11], [9, 14], [9, 15], [10, 17], [10, 11], [10, 13], [11, 16], [11, 17], [11, 15], [13, 16], [13, 17], [13, 15], [14, 15], [15, 16], [15, 17], [16, 17]], "ged": 19, "graph_1": [[0, 3], [0, 7], [0, 8], [0, 9], [0, 10], [0, 11], [0, 12], [0, 13], [0, 14], [0, 15], [1, 16], [1, 3], [1, 4], [1, 5], [1, 6], [1, 8], [1, 10], [1, 13], [1, 14], [2, 17], [2, 3], [2, 5], [2, 9], [2, 10], [2, 15], [3, 6], [3, 17], [3, 10], [3, 7], [3, 12], [3, 14], [4, 16], [4, 5], [4, 6], [4, 17], [4, 12], [4, 13], [4, 15], [5, 6], [5, 7], [5, 8], [5, 9], [5, 11], [5, 12], [5, 15], [5, 16], [5, 17], [6, 16], [6, 17], [6, 9], [6, 11], [6, 12], [6, 14], [7, 16], [7, 10], [7, 11], [7, 12], [7, 15], [8, 14], [8, 17], [9, 17], [9, 10], [9, 11], [9, 12], [10, 17], [10, 16], [10, 11], [11, 12], [11, 15], [12, 17], [12, 13], [13, 17], [13, 14], [15, 16], [15, 17]]}