{"labels_1": ["7", "8", "7", "11", "5", "8", "9", "10", "8", "10", "8", "8", "11", "8", "10", "8", "12"], "labels_2": ["8", "6", "9", "7", "8", "9", "11", "8", "10", "7", "9", "11", "7", "8", "7", "9", "12"], "graph_2": [[0, 2], [0, 3], [0, 5], [0, 6], [0, 10], [0, 11], [0, 12], [0, 15], [1, 8], [1, 9], [1, 10], [1, 11], [1, 13], [1, 15], [2, 16], [2, 3], [2, 4], [2, 5], [2, 8], [2, 10], [2, 11], [2, 12], [3, 16], [3, 6], [3, 11], [3, 13], [3, 15], [4, 16], [4, 6], [4, 9], [4, 11], [4, 13], [4, 14], [4, 15], [5, 16], [5, 6], [5, 7], [5, 10], [5, 12], [5, 14], [5, 15], [6, 16], [6, 7], [6, 8], [6, 9], [6, 10], [6, 13], [6, 15], [7, 16], [7, 8], [7, 10], [7, 11], [7, 12], [7, 14], [8, 16], [8, 9], [8, 10], [8, 11], [8, 14], [8, 15], [9, 16], [9, 10], [9, 13], [10, 16], [11, 16], [11, 12], [11, 14], [11, 15], [12, 16], [12, 13], [13, 14], [13, 15], [14, 16]], "ged": 12, "graph_1": [[0, 3], [0, 6], [0, 7], [0, 8], [0, 9], [0, 10], [0, 11], [1, 16], [1, 3], [1, 5], [1, 9], [1, 10], [1, 12], [1, 13], [1, 15], [2, 16], [2, 3], [2, 5], [2, 9], [2, 10], [2, 12], [2, 13], [3, 4], [3, 5], [3, 16], [3, 7], [3, 8], [3, 9], [3, 13], [3, 15], [4, 16], [4, 10], [4, 13], [4, 14], [5, 6], [5, 9], [5, 11], [5, 12], [5, 14], [6, 16], [6, 7], [6, 8], [6, 11], [6, 12], [6, 13], [6, 14], [7, 8], [7, 9], [7, 11], [7, 12], [7, 13], [7, 14], [7, 15], [8, 16], [8, 12], [8, 14], [8, 15], [9, 16], [9, 10], [9, 12], [9, 14], [10, 11], [10, 12], [10, 15], [11, 16], [11, 12], [11, 15], [12, 16], [12, 14], [13, 16], [13, 14], [14, 16], [14, 15], [15, 16]]}