{"labels_1": ["10", "13", "6", "10", "7", "8", "8", "9", "9", "10", "10", "10", "9", "6", "6", "9"], "labels_2": ["8", "7", "5", "4", "8", "10", "6", "5", "7", "7", "10", "6", "6", "9", "8", "6"], "graph_2": [[0, 1], [0, 2], [0, 3], [0, 4], [0, 9], [0, 13], [0, 14], [0, 15], [1, 5], [1, 7], [1, 8], [1, 11], [1, 12], [1, 15], [2, 9], [2, 3], [2, 5], [2, 15], [3, 4], [3, 15], [4, 5], [4, 6], [4, 10], [4, 11], [4, 13], [4, 14], [5, 6], [5, 7], [5, 8], [5, 10], [5, 13], [5, 14], [5, 15], [6, 9], [6, 10], [6, 11], [6, 12], [7, 10], [7, 14], [7, 13], [8, 9], [8, 10], [8, 11], [8, 13], [8, 14], [9, 10], [9, 12], [9, 14], [10, 11], [10, 12], [10, 13], [10, 14], [11, 13], [12, 13], [12, 15], [13, 14]], "ged": 33, "graph_1": [[0, 1], [0, 3], [0, 6], [0, 8], [0, 9], [0, 10], [0, 11], [0, 12], [0, 13], [0, 15], [1, 2], [1, 3], [1, 4], [1, 5], [1, 6], [1, 7], [1, 8], [1, 9], [1, 10], [1, 12], [1, 13], [1, 15], [2, 3], [2, 4], [2, 6], [2, 10], [2, 13], [3, 4], [3, 5], [3, 7], [3, 8], [3, 10], [3, 11], [3, 14], [4, 5], [4, 7], [4, 9], [4, 12], [5, 9], [5, 10], [5, 11], [5, 12], [5, 15], [6, 7], [6, 10], [6, 11], [6, 12], [6, 14], [7, 8], [7, 9], [7, 10], [7, 11], [7, 15], [8, 9], [8, 10], [8, 12], [8, 13], [8, 15], [9, 11], [9, 13], [9, 14], [9, 15], [10, 11], [10, 12], [11, 12], [11, 14], [11, 15], [12, 15], [13, 14], [14, 15]]}