{"labels_1": ["5", "3", "5", "3", "7", "1", "2", "6", "2", "6", "4", "6", "3", "6", "5"], "labels_2": ["3", "5", "4", "5", "2", "1", "3", "2", "6", "8", "5", "8", "3", "5", "2"], "graph_2": [[0, 3], [0, 4], [0, 6], [1, 11], [1, 9], [1, 2], [1, 3], [1, 14], [2, 8], [2, 10], [2, 11], [3, 10], [3, 11], [3, 9], [4, 9], [5, 8], [6, 11], [6, 13], [7, 8], [7, 9], [8, 9], [8, 13], [8, 14], [9, 10], [9, 11], [9, 12], [10, 11], [10, 13], [11, 12], [11, 13], [12, 13]], "ged": 30, "graph_1": [[0, 9], [0, 11], [0, 13], [0, 14], [0, 7], [1, 11], [1, 4], [1, 7], [2, 8], [2, 9], [2, 4], [2, 14], [2, 7], [3, 9], [3, 10], [3, 4], [4, 9], [4, 10], [4, 11], [4, 13], [5, 13], [6, 11], [6, 14], [7, 12], [7, 13], [7, 14], [8, 13], [9, 10], [9, 11], [10, 12], [11, 14], [12, 13]]}