{"labels_1": ["8", "6", "7", "6", "7", "8", "6", "8", "5", "5"], "labels_2": ["3", "3", "3", "5", "4", "4", "4", "4", "3", "3"], "graph_2": [[0, 8], [0, 9], [0, 2], [1, 3], [1, 5], [1, 6], [2, 6], [2, 7], [3, 8], [3, 4], [3, 5], [3, 7], [4, 9], [4, 6], [4, 7], [5, 8], [5, 7], [6, 9]], "ged": 25, "graph_1": [[0, 1], [0, 2], [0, 3], [0, 4], [0, 5], [0, 6], [0, 7], [0, 8], [1, 2], [1, 5], [1, 6], [1, 7], [1, 9], [2, 4], [2, 6], [2, 7], [2, 8], [2, 9], [3, 4], [3, 5], [3, 6], [3, 7], [3, 8], [4, 5], [4, 7], [4, 8], [4, 9], [5, 6], [5, 7], [5, 8], [5, 9], [6, 7], [7, 9]]}