{"labels_1": ["6", "4", "7", "3", "5", "4", "5", "7", "6", "7", "2", "5", "8", "5"], "labels_2": ["3", "5", "5", "3", "6", "4", "5", "2", "3", "4", "2", "7", "5", "4"], "graph_2": [[0, 11], [0, 12], [0, 13], [1, 8], [1, 10], [1, 12], [1, 13], [1, 6], [2, 8], [2, 9], [2, 11], [2, 4], [2, 6], [3, 11], [3, 4], [3, 5], [4, 6], [4, 7], [4, 11], [4, 12], [5, 9], [5, 12], [5, 6], [6, 9], [7, 11], [8, 12], [9, 11], [10, 13], [11, 13]], "ged": 29, "graph_1": [[0, 2], [0, 5], [0, 9], [0, 10], [0, 12], [0, 13], [1, 8], [1, 11], [1, 12], [1, 6], [2, 5], [2, 6], [2, 8], [2, 9], [2, 12], [2, 13], [3, 9], [3, 6], [3, 7], [4, 8], [4, 9], [4, 11], [4, 12], [4, 7], [5, 10], [5, 7], [6, 12], [6, 7], [7, 9], [7, 11], [7, 13], [8, 9], [8, 12], [8, 13], [9, 12], [11, 13], [11, 12]]}