{"labels_1": ["7", "8", "13", "9", "9", "14", "6", "10", "8", "6", "6", "12", "6", "8", "7", "8", "7", "8", "6"], "labels_2": ["8", "6", "6", "6", "8", "5", "5", "8", "6", "6", "8", "13", "7", "13", "8", "11", "8", "4", "4"], "graph_2": [[0, 4], [0, 6], [0, 8], [0, 9], [0, 10], [0, 11], [0, 13], [0, 14], [1, 16], [1, 2], [1, 4], [1, 7], [1, 10], [1, 15], [2, 17], [2, 7], [2, 9], [2, 13], [2, 14], [3, 16], [3, 4], [3, 7], [3, 9], [3, 12], [3, 13], [4, 6], [4, 7], [4, 10], [4, 11], [4, 13], [5, 17], [5, 10], [5, 11], [5, 14], [5, 15], [6, 10], [6, 13], [6, 15], [7, 16], [7, 11], [7, 12], [7, 13], [8, 18], [8, 11], [8, 12], [8, 13], [8, 15], [9, 11], [9, 12], [9, 15], [10, 11], [10, 13], [10, 15], [11, 13], [11, 14], [11, 15], [11, 16], [11, 17], [11, 18], [12, 16], [12, 13], [12, 15], [13, 14], [13, 15], [13, 16], [14, 16], [14, 18], [14, 15], [15, 16], [17, 18]], "ged": 24, "graph_1": [[0, 16], [0, 2], [0, 4], [0, 5], [0, 7], [0, 18], [0, 14], [1, 16], [1, 2], [1, 4], [1, 5], [1, 7], [1, 10], [1, 11], [1, 12], [2, 5], [2, 6], [2, 7], [2, 8], [2, 9], [2, 10], [2, 11], [2, 12], [2, 13], [2, 15], [2, 16], [3, 17], [3, 4], [3, 7], [3, 8], [3, 10], [3, 11], [3, 13], [3, 14], [3, 15], [4, 5], [4, 7], [4, 8], [4, 9], [4, 11], [4, 13], [5, 6], [5, 7], [5, 8], [5, 11], [5, 13], [5, 14], [5, 15], [5, 16], [5, 17], [5, 18], [6, 7], [6, 11], [6, 12], [6, 14], [7, 17], [7, 8], [7, 12], [8, 17], [8, 18], [8, 13], [9, 16], [9, 10], [9, 12], [9, 14], [10, 17], [10, 11], [11, 12], [11, 15], [11, 16], [11, 17], [11, 18], [13, 18], [13, 14], [13, 15], [14, 17], [15, 16], [15, 17], [15, 18]]}