{"labels_1": ["6", "6", "8", "12", "6", "6", "7", "7", "6", "3", "8", "5", "8", "7", "6", "6", "3"], "labels_2": ["5", "2", "6", "4", "7", "4", "5", "11", "4", "7", "5", "6", "4", "5", "6", "7", "6"], "graph_2": [[0, 10], [0, 3], [0, 5], [0, 6], [0, 7], [1, 12], [1, 13], [2, 7], [2, 8], [2, 9], [2, 10], [2, 11], [2, 14], [3, 16], [3, 9], [3, 15], [4, 16], [4, 5], [4, 6], [4, 7], [4, 9], [4, 11], [4, 15], [5, 12], [5, 7], [6, 15], [6, 14], [6, 7], [7, 8], [7, 9], [7, 10], [7, 12], [7, 13], [7, 14], [8, 16], [8, 11], [9, 10], [9, 14], [9, 15], [10, 11], [11, 14], [11, 15], [12, 16], [13, 16], [13, 15], [13, 14], [15, 16]], "ged": 29, "graph_1": [[0, 1], [0, 2], [0, 3], [0, 6], [0, 11], [0, 12], [1, 2], [1, 8], [1, 12], [1, 13], [1, 14], [2, 3], [2, 4], [2, 7], [2, 9], [2, 11], [2, 12], [3, 5], [3, 6], [3, 7], [3, 8], [3, 9], [3, 10], [3, 13], [3, 14], [3, 15], [3, 16], [4, 6], [4, 7], [4, 9], [4, 10], [4, 13], [5, 16], [5, 6], [5, 7], [5, 12], [5, 14], [6, 7], [6, 12], [6, 13], [7, 10], [7, 13], [8, 10], [8, 11], [8, 13], [8, 15], [10, 11], [10, 12], [10, 14], [10, 15], [11, 12], [12, 14], [13, 15], [14, 15], [15, 16]]}