{"labels_1": ["7", "8", "7", "6", "9", "8", "7", "7", "12", "3", "9", "8", "7", "10", "4"], "labels_2": ["8", "5", "5", "7", "7", "7", "3", "7", "4", "10", "13", "4", "7", "6", "7"], "graph_2": [[0, 1], [0, 4], [0, 6], [0, 9], [0, 10], [0, 11], [0, 12], [0, 14], [1, 10], [1, 3], [1, 5], [1, 14], [2, 9], [2, 10], [2, 4], [2, 5], [2, 7], [3, 7], [3, 9], [3, 10], [3, 11], [3, 13], [3, 14], [4, 6], [4, 8], [4, 9], [4, 10], [4, 13], [5, 7], [5, 9], [5, 10], [5, 12], [5, 14], [6, 9], [7, 10], [7, 12], [7, 13], [7, 14], [8, 9], [8, 10], [8, 12], [9, 10], [9, 12], [9, 13], [10, 11], [10, 12], [10, 13], [10, 14], [11, 14], [12, 13]], "ged": 29, "graph_1": [[0, 1], [0, 5], [0, 7], [0, 8], [0, 9], [0, 11], [0, 13], [1, 3], [1, 4], [1, 5], [1, 7], [1, 10], [1, 11], [1, 13], [2, 3], [2, 4], [2, 6], [2, 7], [2, 8], [2, 10], [2, 13], [3, 4], [3, 6], [3, 8], [3, 10], [4, 6], [4, 8], [4, 10], [4, 12], [4, 13], [4, 14], [5, 7], [5, 8], [5, 10], [5, 11], [5, 12], [5, 13], [6, 8], [6, 10], [6, 11], [6, 12], [7, 8], [7, 13], [7, 14], [8, 9], [8, 10], [8, 11], [8, 12], [8, 13], [9, 11], [10, 12], [10, 13], [11, 12], [11, 14], [12, 13], [13, 14]]}