{"labels_1": ["8", "6", "5", "7", "5", "2", "9", "8", "7", "6", "6", "5", "8"], "labels_2": ["6", "8", "6", "6", "5", "5", "6", "7", "3", "2", "8", "5", "5"], "graph_2": [[0, 1], [0, 3], [0, 5], [0, 6], [0, 7], [0, 10], [1, 2], [1, 3], [1, 4], [1, 6], [1, 7], [1, 10], [1, 11], [2, 4], [2, 6], [2, 7], [2, 10], [2, 11], [3, 8], [3, 9], [3, 10], [3, 12], [4, 11], [4, 12], [4, 5], [5, 8], [5, 9], [5, 10], [6, 7], [6, 10], [6, 11], [7, 8], [7, 10], [7, 12], [10, 12], [11, 12]], "ged": 12, "graph_1": [[0, 2], [0, 4], [0, 6], [0, 7], [0, 8], [0, 10], [0, 11], [0, 12], [1, 3], [1, 4], [1, 7], [1, 8], [1, 9], [1, 12], [2, 9], [2, 3], [2, 12], [2, 6], [3, 5], [3, 6], [3, 8], [3, 9], [3, 10], [4, 12], [4, 6], [4, 9], [5, 12], [6, 7], [6, 8], [6, 10], [6, 11], [6, 12], [7, 8], [7, 9], [7, 10], [7, 11], [7, 12], [8, 9], [8, 10], [10, 11], [11, 12]]}