{"labels_1": ["5", "4", "4", "6", "5", "7", "6", "5", "3", "5"], "labels_2": ["4", "5", "4", "6", "6", "4", "7", "3", "2", "5"], "graph_2": [[0, 1], [0, 4], [0, 5], [0, 6], [1, 9], [1, 3], [1, 4], [1, 6], [2, 9], [2, 3], [2, 5], [2, 6], [3, 4], [3, 6], [3, 7], [3, 9], [4, 5], [4, 6], [4, 7], [5, 8], [6, 7], [6, 9], [8, 9]], "ged": 15, "graph_1": [[0, 8], [0, 9], [0, 3], [0, 4], [0, 5], [1, 9], [1, 3], [1, 4], [1, 6], [2, 9], [2, 3], [2, 5], [2, 6], [3, 4], [3, 5], [3, 7], [4, 5], [4, 6], [5, 6], [5, 7], [5, 9], [6, 7], [6, 8], [7, 8], [7, 9]]}