{"labels_1": ["7", "9", "9", "9", "7", "9", "6", "8", "7", "9", "9", "6", "9", "11", "9"], "labels_2": ["6", "7", "6", "8", "6", "8", "5", "8", "7", "6", "7", "7", "4", "6", "3"], "graph_2": [[0, 3], [0, 7], [0, 9], [0, 10], [0, 11], [0, 14], [1, 2], [1, 3], [1, 4], [1, 5], [1, 7], [1, 9], [1, 10], [2, 4], [2, 5], [2, 8], [2, 9], [2, 11], [3, 5], [3, 6], [3, 7], [3, 11], [3, 12], [3, 13], [4, 5], [4, 10], [4, 11], [4, 13], [5, 7], [5, 8], [5, 9], [5, 10], [6, 8], [6, 12], [6, 13], [6, 7], [7, 8], [7, 9], [7, 13], [8, 10], [8, 11], [8, 12], [9, 10], [10, 11], [11, 13], [12, 14], [13, 14]], "ged": 17, "graph_1": [[0, 1], [0, 3], [0, 8], [0, 9], [0, 11], [0, 12], [0, 13], [1, 2], [1, 3], [1, 4], [1, 5], [1, 6], [1, 7], [1, 9], [1, 10], [2, 4], [2, 5], [2, 9], [2, 10], [2, 11], [2, 12], [2, 13], [2, 14], [3, 4], [3, 5], [3, 7], [3, 10], [3, 12], [3, 13], [3, 14], [4, 6], [4, 8], [4, 12], [4, 14], [5, 7], [5, 9], [5, 10], [5, 12], [5, 13], [5, 14], [6, 8], [6, 9], [6, 11], [6, 13], [7, 8], [7, 10], [7, 11], [7, 13], [7, 14], [8, 11], [8, 13], [8, 14], [9, 10], [9, 12], [9, 13], [9, 14], [10, 11], [10, 12], [10, 13], [12, 13], [12, 14], [13, 14]]}