{"labels_1": ["11", "8", "13", "10", "12", "16", "9", "13", "12", "12", "9", "12", "10", "11", "11", "12", "7", "8"], "labels_2": ["11", "11", "11", "9", "10", "10", "8", "9", "11", "9", "8", "7", "11", "12", "7", "6", "9", "13"], "graph_2": [[0, 16], [0, 1], [0, 2], [0, 5], [0, 6], [0, 7], [0, 8], [0, 9], [0, 11], [0, 13], [0, 14], [1, 16], [1, 17], [1, 2], [1, 4], [1, 5], [1, 6], [1, 8], [1, 10], [1, 15], [1, 13], [2, 16], [2, 17], [2, 3], [2, 4], [2, 5], [2, 8], [2, 11], [2, 12], [2, 13], [3, 16], [3, 17], [3, 4], [3, 5], [3, 7], [3, 11], [3, 13], [3, 14], [4, 17], [4, 5], [4, 6], [4, 8], [4, 9], [4, 10], [4, 12], [5, 17], [5, 9], [5, 10], [5, 7], [5, 13], [6, 7], [6, 8], [6, 9], [6, 12], [6, 13], [7, 8], [7, 11], [7, 13], [7, 14], [7, 15], [8, 16], [8, 17], [8, 9], [8, 12], [8, 13], [9, 16], [9, 10], [9, 11], [9, 12], [10, 17], [10, 12], [10, 14], [10, 15], [11, 17], [11, 14], [12, 16], [12, 17], [12, 13], [12, 14], [12, 15], [13, 15], [13, 16], [13, 17], [14, 17], [15, 17], [16, 17]], "ged": 22, "graph_1": [[0, 2], [0, 3], [0, 4], [0, 5], [0, 6], [0, 7], [0, 8], [0, 9], [0, 12], [0, 14], [0, 15], [1, 16], [1, 5], [1, 7], [1, 8], [1, 9], [1, 10], [1, 14], [1, 15], [2, 3], [2, 4], [2, 5], [2, 7], [2, 8], [2, 9], [2, 10], [2, 11], [2, 13], [2, 14], [2, 16], [2, 17], [3, 4], [3, 5], [3, 6], [3, 7], [3, 8], [3, 9], [3, 11], [3, 15], [4, 5], [4, 7], [4, 8], [4, 11], [4, 12], [4, 13], [4, 14], [4, 15], [4, 16], [5, 6], [5, 8], [5, 9], [5, 10], [5, 11], [5, 12], [5, 13], [5, 14], [5, 15], [5, 16], [5, 17], [6, 17], [6, 7], [6, 8], [6, 11], [6, 14], [6, 15], [7, 8], [7, 9], [7, 10], [7, 12], [7, 13], [7, 14], [7, 15], [8, 9], [8, 11], [8, 13], [8, 15], [9, 11], [9, 12], [9, 13], [9, 16], [9, 17], [10, 11], [10, 17], [10, 12], [10, 14], [10, 15], [11, 12], [11, 13], [11, 14], [11, 17], [12, 13], [12, 14], [12, 15], [13, 17], [13, 14], [13, 15], [15, 16], [16, 17]]}