{"labels_1": ["7", "9", "11", "6", "9", "9", "6", "9", "9", "8", "5", "7", "9", "8"], "labels_2": ["7", "9", "4", "7", "3", "4", "5", "2", "7", "5", "6", "7", "5", "3"], "graph_2": [[0, 1], [0, 3], [0, 5], [0, 8], [0, 9], [0, 12], [0, 13], [1, 3], [1, 4], [1, 5], [1, 6], [1, 8], [1, 9], [1, 10], [1, 11], [2, 11], [2, 3], [2, 12], [2, 6], [3, 4], [3, 6], [3, 10], [3, 11], [4, 11], [5, 12], [5, 13], [6, 8], [6, 9], [7, 10], [7, 11], [8, 9], [8, 10], [8, 11], [8, 13], [9, 10], [10, 12], [11, 12]], "ged": 32, "graph_1": [[0, 2], [0, 5], [0, 6], [0, 8], [0, 9], [0, 11], [0, 13], [1, 2], [1, 4], [1, 5], [1, 6], [1, 8], [1, 9], [1, 10], [1, 12], [1, 13], [2, 3], [2, 4], [2, 5], [2, 7], [2, 9], [2, 10], [2, 11], [2, 12], [2, 13], [3, 5], [3, 7], [3, 9], [3, 11], [3, 13], [4, 5], [4, 6], [4, 7], [4, 8], [4, 9], [4, 11], [4, 12], [5, 8], [5, 9], [5, 11], [5, 12], [6, 8], [6, 11], [6, 12], [7, 8], [7, 9], [7, 10], [7, 11], [7, 12], [7, 13], [8, 9], [8, 12], [8, 13], [10, 12], [10, 13], [12, 13]]}