{"labels_1": ["7", "10", "5", "8", "4", "7", "10", "7", "9", "9", "7", "7", "10", "7", "7"], "labels_2": ["5", "7", "7", "7", "6", "6", "8", "6", "8", "5", "10", "10", "6", "6", "5"], "graph_2": [[0, 9], [0, 11], [0, 14], [0, 6], [0, 7], [1, 2], [1, 3], [1, 4], [1, 8], [1, 9], [1, 10], [1, 11], [2, 7], [2, 8], [2, 9], [2, 10], [2, 12], [2, 14], [3, 4], [3, 5], [3, 6], [3, 7], [3, 10], [3, 11], [4, 5], [4, 6], [4, 11], [4, 13], [5, 6], [5, 8], [5, 11], [5, 12], [6, 8], [6, 10], [6, 12], [6, 13], [7, 11], [7, 12], [7, 14], [8, 10], [8, 11], [8, 12], [8, 13], [9, 10], [9, 13], [10, 11], [10, 12], [10, 13], [10, 14], [11, 13], [11, 14]], "ged": 12, "graph_1": [[0, 1], [0, 2], [0, 4], [0, 6], [0, 7], [0, 9], [0, 12], [1, 2], [1, 3], [1, 6], [1, 7], [1, 8], [1, 9], [1, 10], [1, 12], [1, 13], [2, 10], [2, 5], [2, 6], [3, 5], [3, 7], [3, 9], [3, 10], [3, 11], [3, 12], [3, 13], [4, 8], [4, 5], [4, 6], [5, 6], [5, 8], [5, 13], [5, 14], [6, 9], [6, 11], [6, 12], [6, 13], [6, 14], [7, 8], [7, 11], [7, 12], [7, 14], [8, 9], [8, 10], [8, 11], [8, 12], [8, 14], [9, 10], [9, 11], [9, 12], [9, 13], [10, 12], [10, 14], [11, 12], [11, 13], [12, 14], [13, 14]]}