{"labels_1": ["7", "8", "8", "10", "7", "10", "11", "10", "10", "9", "7", "7", "8", "9", "9", "12"], "labels_2": ["8", "6", "11", "7", "6", "9", "10", "8", "7", "7", "13", "10", "9", "10", "8", "7"], "graph_2": [[0, 2], [0, 5], [0, 6], [0, 7], [0, 8], [0, 10], [0, 12], [0, 13], [1, 6], [1, 7], [1, 10], [1, 11], [1, 14], [1, 15], [2, 3], [2, 5], [2, 6], [2, 9], [2, 10], [2, 11], [2, 12], [2, 13], [2, 14], [2, 15], [3, 6], [3, 7], [3, 8], [3, 10], [3, 12], [3, 13], [4, 5], [4, 6], [4, 7], [4, 9], [4, 10], [4, 13], [5, 6], [5, 7], [5, 11], [5, 12], [5, 13], [5, 15], [6, 10], [6, 11], [6, 12], [6, 13], [7, 9], [7, 11], [7, 13], [8, 9], [8, 10], [8, 11], [8, 14], [8, 15], [9, 10], [9, 11], [9, 14], [10, 11], [10, 12], [10, 13], [10, 14], [10, 15], [11, 14], [11, 15], [12, 13], [12, 14], [12, 15], [13, 14]], "ged": 5, "graph_1": [[0, 3], [0, 7], [0, 8], [0, 11], [0, 12], [0, 14], [0, 15], [1, 3], [1, 5], [1, 7], [1, 10], [1, 12], [1, 13], [1, 14], [1, 15], [2, 4], [2, 5], [2, 10], [2, 11], [2, 12], [2, 13], [2, 14], [2, 15], [3, 4], [3, 5], [3, 6], [3, 7], [3, 8], [3, 9], [3, 13], [3, 15], [4, 6], [4, 8], [4, 9], [4, 14], [4, 15], [5, 6], [5, 7], [5, 10], [5, 11], [5, 12], [5, 14], [5, 15], [6, 7], [6, 8], [6, 9], [6, 10], [6, 11], [6, 12], [6, 13], [6, 15], [7, 8], [7, 9], [7, 10], [7, 13], [7, 14], [8, 9], [8, 12], [8, 13], [8, 14], [8, 15], [9, 10], [9, 12], [9, 13], [9, 15], [10, 15], [11, 12], [11, 14], [11, 15], [13, 14], [13, 15]]}