{"labels_1": ["7", "7", "6", "6", "5", "7", "4", "7", "7", "6"], "labels_2": ["2", "6", "4", "3", "5", "1", "2", "2", "3"], "graph_2": [[0, 3], [0, 4], [1, 2], [1, 3], [1, 4], [1, 6], [1, 7], [1, 8], [2, 8], [2, 4], [2, 5], [3, 6], [4, 8], [4, 7]], "ged": 27, "graph_1": [[0, 1], [0, 3], [0, 4], [0, 5], [0, 6], [0, 7], [0, 8], [1, 2], [1, 4], [1, 5], [1, 6], [1, 7], [1, 8], [2, 3], [2, 5], [2, 7], [2, 8], [2, 9], [3, 5], [3, 6], [3, 7], [3, 9], [4, 7], [4, 8], [4, 9], [5, 7], [5, 8], [5, 9], [6, 9], [7, 8], [8, 9]]}