{"labels_1": ["5", "7", "4", "5", "4", "4", "5", "5", "3", "7", "5"], "labels_2": ["2", "3", "3", "1", "6", "2", "4", "3", "4", "6", "2"], "graph_2": [[0, 9], [0, 4], [1, 9], [1, 3], [1, 4], [2, 8], [2, 9], [2, 10], [4, 5], [4, 7], [4, 8], [4, 9], [5, 6], [6, 9], [6, 10], [6, 7], [7, 8], [8, 9]], "ged": 28, "graph_1": [[0, 1], [0, 10], [0, 5], [0, 6], [0, 7], [1, 3], [1, 4], [1, 6], [1, 7], [1, 8], [1, 10], [2, 8], [2, 9], [2, 3], [2, 7], [3, 7], [3, 4], [3, 9], [4, 10], [4, 6], [5, 9], [5, 10], [5, 6], [6, 9], [7, 9], [8, 9], [9, 10]]}