{"labels_1": ["8", "5", "6", "8", "9", "9", "10", "10", "8", "8", "9", "7", "7", "8"], "labels_2": ["6", "9", "2", "6", "8", "6", "9", "9", "5", "4", "7", "6", "3", "6"], "graph_2": [[0, 1], [0, 3], [0, 4], [0, 5], [0, 6], [0, 8], [1, 3], [1, 6], [1, 7], [1, 8], [1, 10], [1, 11], [1, 12], [1, 13], [2, 4], [2, 7], [3, 4], [3, 5], [3, 10], [3, 11], [4, 6], [4, 7], [4, 9], [4, 12], [4, 13], [5, 6], [5, 7], [5, 10], [5, 13], [6, 7], [6, 9], [6, 10], [6, 11], [6, 13], [7, 9], [7, 10], [7, 11], [7, 13], [8, 10], [8, 11], [8, 9], [10, 13], [11, 12]], "ged": 34, "graph_1": [[0, 2], [0, 3], [0, 6], [0, 7], [0, 8], [0, 9], [0, 10], [0, 13], [1, 8], [1, 9], [1, 10], [1, 12], [1, 5], [2, 3], [2, 5], [2, 6], [2, 10], [2, 13], [3, 4], [3, 5], [3, 6], [3, 7], [3, 8], [3, 11], [4, 5], [4, 6], [4, 7], [4, 8], [4, 9], [4, 10], [4, 11], [4, 12], [5, 6], [5, 7], [5, 11], [5, 12], [5, 13], [6, 7], [6, 8], [6, 9], [6, 10], [6, 13], [7, 9], [7, 10], [7, 11], [7, 12], [7, 13], [8, 9], [8, 12], [8, 13], [9, 10], [9, 13], [10, 11], [10, 12], [11, 12], [11, 13]]}