{"labels_1": ["4", "7", "8", "8", "7", "4", "8", "4", "7", "6", "5"], "labels_2": ["8", "7", "7", "5", "5", "8", "6", "5", "6", "4", "7"], "graph_2": [[0, 2], [0, 3], [0, 4], [0, 5], [0, 7], [0, 8], [0, 9], [0, 10], [1, 2], [1, 4], [1, 5], [1, 6], [1, 7], [1, 8], [1, 10], [2, 3], [2, 5], [2, 7], [2, 9], [2, 10], [3, 10], [3, 6], [3, 5], [4, 5], [4, 6], [4, 8], [5, 6], [5, 8], [5, 10], [6, 8], [6, 9], [7, 10], [7, 9], [8, 10]], "ged": 6, "graph_1": [[0, 8], [0, 9], [0, 4], [0, 6], [1, 2], [1, 3], [1, 4], [1, 6], [1, 8], [1, 9], [1, 10], [2, 3], [2, 4], [2, 6], [2, 7], [2, 8], [2, 9], [2, 10], [3, 5], [3, 6], [3, 7], [3, 8], [3, 9], [3, 10], [4, 5], [4, 6], [4, 7], [4, 8], [5, 8], [5, 6], [6, 8], [6, 9], [7, 10], [9, 10]]}