{"labels_1": ["6", "4", "5", "8", "5", "7", "4", "8", "8", "6", "6", "6", "7"], "labels_2": ["6", "8", "3", "4", "6", "4", "4", "5", "8", "4", "6", "5", "3"], "graph_2": [[0, 1], [0, 5], [0, 6], [0, 7], [0, 9], [0, 10], [1, 3], [1, 4], [1, 7], [1, 8], [1, 9], [1, 11], [1, 12], [2, 10], [2, 11], [2, 7], [3, 8], [3, 4], [3, 9], [4, 6], [4, 8], [4, 10], [4, 12], [5, 8], [5, 10], [5, 7], [6, 8], [6, 11], [7, 11], [8, 9], [8, 10], [8, 11], [10, 12]], "ged": 15, "graph_1": [[0, 1], [0, 4], [0, 8], [0, 9], [0, 10], [0, 12], [1, 9], [1, 10], [1, 7], [2, 8], [2, 3], [2, 11], [2, 4], [2, 5], [3, 5], [3, 6], [3, 8], [3, 9], [3, 10], [3, 11], [3, 12], [4, 12], [4, 6], [4, 7], [5, 7], [5, 8], [5, 9], [5, 10], [5, 12], [6, 9], [6, 7], [7, 8], [7, 9], [7, 11], [7, 12], [8, 10], [8, 11], [8, 12], [10, 11], [11, 12]]}