{"labels_1": ["9", "12", "12", "8", "7", "11", "11", "10", "8", "8", "9", "9", "10", "10", "6"], "labels_2": ["7", "8", "9", "5", "8", "9", "7", "10", "6", "10", "6", "6", "9", "8", "10"], "graph_2": [[0, 1], [0, 5], [0, 8], [0, 9], [0, 10], [0, 11], [0, 12], [1, 2], [1, 3], [1, 6], [1, 7], [1, 10], [1, 11], [1, 12], [2, 5], [2, 6], [2, 7], [2, 8], [2, 9], [2, 11], [2, 12], [2, 14], [3, 8], [3, 9], [3, 6], [3, 14], [4, 5], [4, 6], [4, 7], [4, 9], [4, 11], [4, 12], [4, 13], [4, 14], [5, 7], [5, 9], [5, 10], [5, 12], [5, 13], [5, 14], [6, 7], [6, 10], [6, 14], [7, 8], [7, 9], [7, 10], [7, 12], [7, 13], [8, 9], [8, 14], [9, 12], [9, 13], [9, 14], [10, 13], [11, 13], [11, 14], [12, 13], [12, 14], [13, 14]], "ged": 13, "graph_1": [[0, 1], [0, 3], [0, 4], [0, 5], [0, 6], [0, 7], [0, 10], [0, 13], [0, 14], [1, 2], [1, 3], [1, 4], [1, 5], [1, 6], [1, 7], [1, 8], [1, 9], [1, 11], [1, 13], [1, 14], [2, 3], [2, 4], [2, 5], [2, 7], [2, 8], [2, 9], [2, 10], [2, 11], [2, 12], [2, 13], [2, 14], [3, 7], [3, 8], [3, 10], [3, 11], [3, 12], [4, 5], [4, 6], [4, 8], [4, 11], [5, 6], [5, 7], [5, 9], [5, 11], [5, 12], [5, 13], [5, 14], [6, 7], [6, 8], [6, 9], [6, 10], [6, 11], [6, 12], [6, 13], [7, 8], [7, 9], [7, 11], [7, 13], [8, 10], [8, 12], [9, 10], [9, 12], [9, 13], [10, 11], [10, 12], [10, 13], [11, 12], [12, 13], [12, 14], [13, 14]]}