{"labels_1": ["6", "4", "4", "5", "5", "4", "8", "4", "6", "6", "4", "3", "7", "6"], "labels_2": ["4", "5", "6", "5", "2", "1", "5", "4", "2", "5", "2", "4", "2", "3"], "graph_2": [[0, 2], [0, 11], [0, 12], [0, 7], [1, 8], [1, 2], [1, 3], [1, 6], [1, 7], [2, 7], [2, 9], [2, 10], [2, 11], [3, 4], [3, 13], [3, 6], [3, 9], [4, 11], [5, 11], [6, 12], [6, 9], [6, 7], [8, 13], [9, 10], [9, 13]], "ged": 34, "graph_1": [[0, 1], [0, 3], [0, 4], [0, 5], [0, 6], [0, 12], [1, 9], [1, 2], [1, 12], [2, 8], [2, 6], [2, 9], [3, 8], [3, 12], [3, 6], [3, 9], [4, 10], [4, 11], [4, 6], [4, 7], [5, 10], [5, 12], [5, 6], [6, 8], [6, 12], [6, 13], [7, 8], [7, 9], [7, 13], [8, 12], [8, 13], [9, 11], [9, 13], [10, 12], [10, 13], [11, 13]]}