{"labels_1": ["4", "5", "6", "5", "5", "8", "3", "6", "4", "4", "1", "6", "7"], "labels_2": ["4", "9", "5", "6", "3", "6", "3", "5", "6", "2", "7", "5", "5"], "graph_2": [[0, 8], [0, 2], [0, 5], [0, 6], [1, 2], [1, 3], [1, 4], [1, 5], [1, 7], [1, 8], [1, 10], [1, 11], [1, 12], [2, 10], [2, 3], [2, 6], [3, 5], [3, 8], [3, 10], [3, 11], [4, 12], [4, 7], [5, 8], [5, 9], [5, 11], [6, 12], [7, 10], [7, 11], [7, 9], [8, 10], [8, 12], [10, 11], [10, 12]], "ged": 5, "graph_1": [[0, 8], [0, 1], [0, 11], [0, 6], [1, 2], [1, 11], [1, 5], [1, 7], [2, 4], [2, 5], [2, 9], [2, 10], [2, 12], [3, 9], [3, 11], [3, 12], [3, 5], [3, 6], [4, 9], [4, 12], [4, 5], [4, 7], [5, 7], [5, 9], [5, 11], [5, 12], [6, 8], [7, 8], [7, 11], [7, 12], [8, 12], [11, 12]]}