{"labels_1": ["13", "11", "13", "11", "12", "11", "13", "9", "10", "8", "11", "13", "8", "9", "9", "16", "12", "11"], "labels_2": ["11", "8", "12", "11", "12", "12", "12", "9", "9", "7", "8", "11", "8", "9", "10", "6", "12", "7"], "graph_2": [[0, 16], [0, 17], [0, 2], [0, 3], [0, 4], [0, 6], [0, 7], [0, 8], [0, 11], [0, 13], [0, 14], [1, 16], [1, 2], [1, 8], [1, 9], [1, 10], [1, 11], [1, 14], [1, 15], [2, 4], [2, 5], [2, 6], [2, 7], [2, 10], [2, 11], [2, 12], [2, 14], [2, 15], [2, 16], [3, 17], [3, 4], [3, 5], [3, 6], [3, 7], [3, 8], [3, 9], [3, 10], [3, 12], [3, 15], [4, 5], [4, 6], [4, 7], [4, 9], [4, 10], [4, 11], [4, 12], [4, 13], [4, 17], [5, 6], [5, 7], [5, 8], [5, 11], [5, 12], [5, 13], [5, 14], [5, 16], [5, 17], [6, 7], [6, 11], [6, 12], [6, 13], [6, 14], [6, 16], [6, 17], [7, 16], [7, 17], [7, 13], [8, 16], [8, 9], [8, 11], [8, 13], [8, 14], [9, 16], [9, 11], [9, 13], [10, 16], [10, 11], [10, 14], [10, 15], [11, 12], [11, 13], [12, 16], [12, 13], [14, 16], [14, 17], [14, 15], [15, 16]], "ged": 34, "graph_1": [[0, 1], [0, 3], [0, 4], [0, 5], [0, 6], [0, 8], [0, 11], [0, 12], [0, 13], [0, 14], [0, 15], [0, 16], [0, 17], [1, 16], [1, 2], [1, 11], [1, 4], [1, 5], [1, 17], [1, 8], [1, 10], [1, 7], [1, 15], [2, 3], [2, 5], [2, 6], [2, 7], [2, 9], [2, 10], [2, 11], [2, 13], [2, 14], [2, 15], [2, 16], [2, 17], [3, 16], [3, 11], [3, 6], [3, 17], [3, 10], [3, 7], [3, 12], [3, 14], [3, 15], [4, 5], [4, 6], [4, 7], [4, 11], [4, 12], [4, 13], [4, 14], [4, 15], [4, 16], [4, 17], [5, 6], [5, 7], [5, 8], [5, 10], [5, 12], [5, 13], [5, 15], [6, 8], [6, 9], [6, 10], [6, 11], [6, 13], [6, 15], [6, 16], [6, 17], [7, 17], [7, 8], [7, 9], [7, 10], [8, 17], [8, 10], [8, 12], [8, 14], [8, 15], [9, 16], [9, 10], [9, 11], [9, 13], [9, 15], [10, 17], [10, 11], [10, 15], [11, 12], [11, 13], [11, 14], [11, 15], [11, 16], [12, 16], [12, 15], [13, 16], [13, 15], [14, 16], [14, 17], [14, 15], [15, 16], [15, 17]]}